{"current":{"page_width":1800,"section_vertical_spacing":"xsmall","section_boxed_horizontal_spacing":"xsmall","button_border_radius":60,"input_border_radius":10,"block_border_radius":12,"block_shadow_opacity":0,"block_shadow_horizontal_offset":0,"block_shadow_vertical_offset":-2,"block_shadow_blur":60,"icon_stroke_width":1,"icon_style":"duo","button_style":"fill","button_hover_effect":"reverse","background":"#ffffff","text_color":"#1a1a1a","success_color":"#708a5c","warning_color":"#e37e16","error_color":"#aa2826","header_background":"#ffffff","header_text_color":"#141414","footer_background":"#141414","footer_text_color":"#ffffff","dialog_background":"#ffffff","primary_button_background":"#1a1a1a","primary_button_text_color":"#ffffff","secondary_button_background":"#f0c417","secondary_button_text_color":"#1a1a1a","product_card_background":"#ffffff","product_card_text_color":"#1a1a1a","product_on_sale_accent":"#e34f4f","product_sold_out_badge_background":"#bebdb9","product_primary_badge_background":"#803cee","heading_font":"futura_n7","heading_font_size":"small","heading_text_transform":"uppercase","heading_letter_spacing":1.5,"text_font":"nunito_sans_n6","text_font_size_mobile":16,"text_font_size_desktop":16,"text_font_letter_spacing":-1,"currency_code_enabled":false,"stagger_products_apparition":true,"reduce_menu_animation":false,"heading_apparition":"split_clip","color_swatch_style":"rectangle","show_vendor":false,"show_secondary_image":true,"show_product_rating":true,"show_discount":false,"product_color_display":"count","product_image_aspect_ratio":"natural","product_info_alignment":"start","cart_type":"drawer","cart_icon":"shopping_cart","cart_show_free_shipping_threshold":false,"social_instagram":"https:\/\/www.instagram.com\/erickschulle\/","social_whatsapp":"","checkout_body_background_color":"#f2f2f2","checkout_sidebar_background_color":"#ffffff","checkout_accent_color":"#3c619e","checkout_button_color":"#3c619e","content_for_index":[],"blocks":{"6744518860797519131":{"type":"shopify:\/\/apps\/langwill-translate\/blocks\/floating-selector\/35c05b0e-4f05-4fc9-adc7-77b6ccb6b2ca","disabled":true,"settings":{}}}},"presets":{"Sound":{"section_vertical_spacing":"medium","button_border_radius":60,"input_border_radius":8,"block_border_radius":24,"block_shadow_opacity":10,"block_shadow_vertical_offset":18,"background":"#f0f0f0","text_color":"#1a1a1a","header_background":"#f0f0f0","header_text_color":"#1a1a1a","footer_background":"#ffffff","footer_text_color":"#1a1a1a","primary_button_background":"#1a1a1a","primary_button_text_color":"#ffffff","secondary_button_background":"#f0c417","secondary_button_text_color":"#1a1a1a","product_card_text_color":"#1a1a1a","product_primary_badge_background":"#803cee","heading_font":"din_next_n7","heading_font_size":"large","heading_letter_spacing":-2,"text_font":"din_next_n4","cart_icon":"shopping_basket","heading_apparition":"split_fade","product_color_display":"swatch","product_info_alignment":"start","checkout_accent_color":"#f0c417","checkout_button_color":"#1a1a1a"},"Home":{"section_vertical_spacing":"medium","section_boxed_horizontal_spacing":"large","button_hover_effect":"reverse","background":"#ffffff","text_color":"#272727","success_color":"#708a5c","warning_color":"#e37e16","error_color":"#aa2826","header_background":"#ffffff","header_text_color":"#272727","footer_background":"#f2f2f2","footer_text_color":"#272727","primary_button_background":"#272727","primary_button_text_color":"#ffffff","secondary_button_background":"#3c619e","secondary_button_text_color":"#ffffff","product_card_text_color":"#272727","product_on_sale_accent":"#e34f4f","product_sold_out_badge_background":"#bebdb9","product_primary_badge_background":"#3c619e","heading_font":"futura_n7","heading_font_size":"large","heading_text_transform":"normal","heading_letter_spacing":-1,"text_font":"futura_n4","cart_icon":"shopping_basket","heading_apparition":"split_rotation","color_swatch_style":"rectangle","product_color_display":"swatch","cart_type":"drawer","checkout_body_background_color":"#f2f2f2","checkout_sidebar_background_color":"#ffffff","checkout_accent_color":"#3c619e","checkout_button_color":"#3c619e"},"Shape":{"page_width":1440,"section_vertical_spacing":"small","section_boxed_horizontal_spacing":"medium","button_border_radius":60,"input_border_radius":8,"block_border_radius":20,"icon_stroke_width":1.5,"button_style":"fill","button_hover_effect":"reverse","text_color":"#2a555a","header_background":"#ffffff","header_text_color":"#2a555a","footer_background":"#f7f7f7","footer_text_color":"#2a555a","primary_button_background":"#2a555a","primary_button_text_color":"#ffffff","secondary_button_background":"#d9967e","product_card_text_color":"#2a555a","cart_icon":"tote_bag","heading_font":"itc_berkeley_old_style_n4","heading_font_size":"large","heading_text_transform":"normal","heading_letter_spacing":-1,"text_font":"muli_n4","text_font_size_desktop":15,"product_color_display":"swatch","product_info_alignment":"center"}}}