{"type":"footer","name":"Footer group","sections":{"text-with-icons":{"type":"text-with-icons","blocks":{"free-shipping":{"type":"item","settings":{"icon":"picto-box","mobile_icon_width":24,"icon_width":24,"icon_background_type":"none","icon_background":"","icon_color":"","title":"Free shipping","content":"<p>Tell your customers about your shipping offer.<\/p>"}},"customer-support":{"type":"item","settings":{"icon":"picto-customer-support","mobile_icon_width":24,"icon_width":24,"icon_background_type":"none","icon_background":"","icon_color":"","title":"Customer service","content":"<p>Tell your customers how they can reach you.<\/p>"}},"discount":{"type":"item","settings":{"icon":"picto-coupon","mobile_icon_width":24,"icon_width":24,"icon_background_type":"none","icon_background":"","icon_color":"","title":"Refer a friend","content":"<p>Tell your customers about your promotional offers.<\/p>"}},"payment":{"type":"item","settings":{"icon":"picto-lock","mobile_icon_width":24,"icon_width":24,"icon_background_type":"none","icon_background":"","icon_color":"","title":"Secure payment","content":"<p>Tel your customers about your payment methods.<\/p>"}}},"block_order":["free-shipping","customer-support","discount","payment"],"settings":{"full_width":true,"stack_on_mobile":false,"title":"","heading_tag":"h6","text_alignment":"center","icon_spacing":"small","background":"","background_gradient":"","text_color":""}},"footer":{"type":"footer","blocks":{"newsletter":{"type":"newsletter","settings":{"image_width":150,"heading_size":"h3","title":"Sign up for new stories and personal offers","content":""}},"links":{"type":"links","settings":{"menu":"footer","show_menu_title":true,"menu_title":""}},"text":{"type":"text","settings":{"title":"About","content":"<p>Use this text area to tell your customers about your brand and vision. You can change it in the theme editor.<\/p>","enable_follow_on_shop":false}}},"block_order":["newsletter","links","text"],"settings":{"show_social_media":true,"show_payment_icons":true,"show_country_selector":false,"show_country_flag":false,"show_country_name":false,"show_locale_selector":false}}},"order":["text-with-icons","footer"]}