{"type":"header","name":"Header group","sections":{"announcement-bar":{"type":"announcement-bar","blocks":{"message":{"type":"message","settings":{"text":"Announce something here","url":""}},"message_yBp7tA":{"type":"message","settings":{"text":"teste","url":""}}},"block_order":["message","message_yBp7tA"],"settings":{"enable_sticky":false,"autoplay":true,"cycle_speed":4,"text_size":"text-xs","navigation_mode":"arrows","scrolling_speed":10,"background":"#4a4a4a","background_gradient":"","text_color":"#dbdbdb"}},"header":{"type":"header","blocks":{"mega_menu_RGtzVX":{"type":"mega_menu","settings":{"menu_item":"Casa e Decoração","layout":"horizontal","submenu_style":"bold_heading","image_1":"shopify:\/\/shop_images\/freepik-export-20240808020404GUeG_1b350a19-d59e-4e53-9f9c-0976f0544718.png","image_heading_1":"","image_link_1":"","image_text_color_1":"#ffffff","image_heading_2":"","image_link_2":"","image_text_color_2":"#ffffff","image_heading_3":"","image_link_3":"","image_text_color_3":"#ffffff","product":"","product_card_background":"","product_card_text_color":"","promo_content_layout":"grid","stretch_promo":false,"drawer_link_image":"show"}},"mega_menu_AeMmN3":{"type":"mega_menu","settings":{"menu_item":"","layout":"horizontal","submenu_style":"bold_heading","image_heading_1":"","image_link_1":"","image_text_color_1":"#ffffff","image_heading_2":"","image_link_2":"","image_text_color_2":"#ffffff","image_heading_3":"","image_link_3":"","image_text_color_3":"#ffffff","product":"","product_card_background":"","product_card_text_color":"","promo_content_layout":"grid","stretch_promo":false,"drawer_link_image":"hide"}},"mega_menu_QgyLq9":{"type":"mega_menu","settings":{"menu_item":"","layout":"horizontal","submenu_style":"bold_heading","image_heading_1":"","image_link_1":"","image_text_color_1":"#ffffff","image_heading_2":"","image_link_2":"","image_text_color_2":"#ffffff","image_heading_3":"","image_link_3":"","image_text_color_3":"#ffffff","product":"","product_card_background":"","product_card_text_color":"","promo_content_layout":"grid","stretch_promo":false,"drawer_link_image":"hide"}}},"block_order":["mega_menu_RGtzVX","mega_menu_AeMmN3","mega_menu_QgyLq9"],"settings":{"enable_sticky":true,"hide_on_scroll":false,"logo":"shopify:\/\/shop_images\/NovoLogo23_2318eb1f-b449-4ec4-bba6-83608b722040.png","logo_max_width":180,"logo_mobile_max_width":170,"menu":"main-menu","sidebar_menu":"","secondary_menu":"","menu_open_trigger":"hover","opening_from":"bottom","layout":"logo_left_navigation_center","show_social_media":true,"show_locale_selector":false,"show_country_selector":false,"show_country_flag":false,"show_country_name":false,"transparent_header_text_color":"#3c4043","transparent_logo":"shopify:\/\/shop_images\/NovoLogo23_2318eb1f-b449-4ec4-bba6-83608b722040.png","reduce_padding":true,"background_opacity":100,"background_blur_radius":20}}},"order":["announcement-bar","header"]}