{"sections":{"slideshow":{"type":"slideshow","blocks":{"slide-1":{"type":"image","settings":{"image":"shopify:\/\/shop_images\/capa3_1b3ae825-1dcb-4be6-9b2e-24bb3f7abdf9.jpg","mobile_image":"shopify:\/\/shop_images\/capa3_22fc7460-a852-4299-9ddb-ecc0c32ede43.png","content_max_width":1200,"mobile_text_position":"place-self-center text-center","desktop_text_position":"sm:place-self-end-center sm:text-center","subheading":"Tell your story","title":"Slide title","heading_tag":"h1","button_text":"","button_link":"","text_color":"#ffffff","button_background":"#ffffff","button_text_color":"#000000","overlay_color":"#000000","overlay_opacity":0,"background":"#ffffff","background_gradient":""}},"image_FcQBza":{"type":"image","settings":{"content_max_width":780,"mobile_text_position":"place-self-center text-center","desktop_text_position":"sm:place-self-center sm:text-center","subheading":"Tell your story","title":"Slide title","heading_tag":"h0","button_text":"","button_link":"","text_color":"#ffffff","button_background":"#ffffff","button_text_color":"#000000","overlay_color":"#000000","overlay_opacity":81,"background":"","background_gradient":""}}},"block_order":["slide-1","image_FcQBza"],"settings":{"full_width":false,"allow_transparent_header":true,"show_initial_transition":true,"image_size":"md","controls_type":"numbers","transition_type":"fade_with_text","autoplay":false,"cycle_speed":5,"background":"#ffffff","background_gradient":""}},"image-link-blocks":{"type":"image-link-blocks","blocks":{"1664424046b00c932c-0":{"type":"item","settings":{"stretch_image":true,"link_text":"","link_url":"","background":"","text_color":"#ffffff","overlay_color":"#000000","overlay_opacity":0}},"1664424046b00c932c-1":{"type":"item","settings":{"stretch_image":true,"link_text":"","link_url":"","background":"","text_color":"#ffffff","overlay_color":"#000000","overlay_opacity":0}},"1664424046b00c932c-2":{"type":"item","settings":{"stretch_image":true,"link_text":"","link_url":"","background":"","text_color":"#ffffff","overlay_color":"#000000","overlay_opacity":0}},"1664424046b00c932c-3":{"type":"item","settings":{"stretch_image":true,"link_text":"","link_url":"","background":"","text_color":"#ffffff","overlay_color":"#000000","overlay_opacity":0}},"e4a0ef18-1856-4ddd-83d8-871a60d7acac":{"type":"item","settings":{"stretch_image":true,"link_text":"","link_url":"","background":"","text_color":"#ffffff","overlay_color":"#000000","overlay_opacity":0}}},"block_order":["1664424046b00c932c-0","1664424046b00c932c-1","1664424046b00c932c-2","1664424046b00c932c-3","e4a0ef18-1856-4ddd-83d8-871a60d7acac"],"settings":{"full_width":false,"block_size":"medium","subheading":"","title":"","content":"","link_url":"","link_text":"","background":"","background_gradient":"","text_color":"","heading_color":"","heading_gradient":""}},"scrolling-text":{"type":"scrolling-text","settings":{"full_width":true,"text":"Promotion text","text_size":"large","text_style":"fill","scrolling_mode":"auto","scrolling_speed":5,"background":"","background_gradient":"","text_color":"","text_gradient":""}},"collection-list":{"type":"collection-list","blocks":{"collection-1":{"type":"collection","settings":{"collection":"","subheading":"","title":"","url":"","heading_tag":"h2","text_position":"place-self-center text-center","text_color":"#ffffff","overlay_color":"#000000","overlay_opacity":30}},"collection-2":{"type":"collection","settings":{"collection":"","subheading":"","title":"","url":"","heading_tag":"h2","text_position":"place-self-center text-center","text_color":"#ffffff","overlay_color":"#000000","overlay_opacity":30}},"collection-3":{"type":"collection","settings":{"collection":"","subheading":"","title":"","url":"","heading_tag":"h2","text_position":"place-self-center text-center","text_color":"#ffffff","overlay_color":"#000000","overlay_opacity":30}}},"block_order":["collection-1","collection-2","collection-3"],"settings":{"full_width":true,"stack_collections":false,"collections_per_row_mobile":"1","collections_per_row":3,"show_progress_bar":false,"subheading":"","title":"Collection list","content":"","link_url":"","link_text":"View all","background":"","background_gradient":"","text_color":"","heading_color":"","heading_gradient":""}},"featured-collection":{"type":"featured-collection","settings":{"collection":"","products":[],"full_width":true,"stack_products":false,"show_progress_bar":false,"products_count":6,"products_per_row_mobile":"2","products_per_row_desktop":4,"subheading":"","title":"Featured collection","content":"","link_url":"","link_text":"View all","background":"","background_gradient":"","text_color":"","heading_color":"","heading_gradient":"","product_card_background":"","product_card_text_color":""}},"impact-text":{"type":"impact-text","blocks":{"1664424181b38582d5-0":{"type":"item","settings":{"title":"100%","subheading":"Showcase a benefit of your product","content":"","button_text":"","button_url":"","animate_impact_text":false,"animate_impact_text_duration":2}}},"block_order":["1664424181b38582d5-0"],"settings":{"full_width":true,"stack_mobile":true,"text_alignment":"center","impact_text_style":"fill","text_divider":"none","impact_text_size_ratio":1,"background":"","background_gradient":"","heading_text_color":"","heading_gradient":"linear-gradient(180deg, rgba(26, 26, 26, 0.2), rgba(26, 26, 26, 0) 100%)","text_color":"","button_background":"","button_text_color":""}},"image-with-text-overlay":{"type":"image-with-text-overlay","blocks":{"1664424230c4756b0e-0":{"type":"subheading","settings":{"text":"Subheading"}},"1664424230c4756b0e-1":{"type":"heading","settings":{"text":"Image with text overlay","heading_tag":"h1"}},"1664424230c4756b0e-2":{"type":"richtext","settings":{"content":"<p>Use this text to share information about your brand with your customers. Describe a product, share announcements, or welcome customers to your store.<\/p>"}}},"block_order":["1664424230c4756b0e-0","1664424230c4756b0e-1","1664424230c4756b0e-2"],"settings":{"full_width":true,"allow_transparent_header":false,"enable_parallax":false,"image_size":"auto","mobile_text_position":"place-self-center text-center","desktop_text_position":"sm:place-self-center sm:text-center","text_color":"#ffffff","overlay_color":"#000000","overlay_opacity":30}},"media-grid":{"type":"media-grid","blocks":{"item-1":{"type":"image","settings":{"title":"Promote your products","heading_tag":"h4","link_url":"","link_text":"","mobile_text_position":"place-self-center text-center","desktop_column_span":2,"desktop_row_span":2,"desktop_text_position":"sm:place-self-center sm:text-center","background":"#000000","background_gradient":"","text_color":"#ffffff","text_gradient":"","button_background":"#000000","button_text_color":"#ffffff","overlay_color":"#000000","overlay_opacity":0}},"item-2":{"type":"image","settings":{"title":"Promote your products","heading_tag":"h4","link_url":"","link_text":"","mobile_text_position":"place-self-center text-center","desktop_column_span":1,"desktop_row_span":1,"desktop_text_position":"sm:place-self-center sm:text-center","background":"#000000","background_gradient":"","text_color":"#ffffff","text_gradient":"","button_background":"#000000","button_text_color":"#ffffff","overlay_color":"#000000","overlay_opacity":0}},"item-3":{"type":"image","settings":{"title":"Promote your products","heading_tag":"h4","link_url":"","link_text":"","mobile_text_position":"place-self-center text-center","desktop_column_span":1,"desktop_row_span":1,"desktop_text_position":"sm:place-self-center sm:text-center","background":"#000000","background_gradient":"","text_color":"#ffffff","text_gradient":"","button_background":"#000000","button_text_color":"#ffffff","overlay_color":"#000000","overlay_opacity":0}},"29246d34-c6e0-4373-84f6-b15e57736a00":{"type":"image","settings":{"title":"Promote your products","heading_tag":"h4","link_url":"","link_text":"","mobile_text_position":"place-self-center text-center","desktop_column_span":2,"desktop_row_span":1,"desktop_text_position":"sm:place-self-center sm:text-center","background":"#000000","background_gradient":"","text_color":"#ffffff","text_gradient":"","button_background":"#000000","button_text_color":"#ffffff","overlay_color":"#000000","overlay_opacity":0}}},"block_order":["item-1","item-2","item-3","29246d34-c6e0-4373-84f6-b15e57736a00"],"settings":{"full_width":true,"reduce_width":false,"desktop_row_height":290,"mobile_row_height":150,"background":"","background_gradient":""}},"before-after-image":{"type":"before-after-image","settings":{"full_width":true,"subheading":"","title":"Before\/after","content":"<p>Showcase your product benefit by using before\/after image comparison.<\/p>","expand_image":false,"text_position":"center","before_after_text_position":"bottom","before_text":"Before","after_text":"After","drag_initial_position":50,"background":"","background_gradient":"","text_color":"","before_text_color":"#ffffff","after_text_color":"#ffffff","drag_cursor_background":"#ffffff","drag_cursor_color":"#000000"}},"press":{"type":"press","blocks":{"16644243327ba53d2a-0":{"type":"quote","settings":{"logo_width":100,"author":"","content":"Share info about what your customers say about your products.","show_rating":false,"rating":4}},"16644243327ba53d2a-1":{"type":"quote","settings":{"logo_width":100,"author":"","content":"Or share content about your promotion, offers...","show_rating":false,"rating":4}}},"block_order":["16644243327ba53d2a-0","16644243327ba53d2a-1"],"settings":{"full_width":true,"content_size":"medium","background":"","background_gradient":"","text_color":"","heading_color":"","heading_gradient":"","logo_item_background":"","logo_item_border":""}},"hot-spots":{"type":"hot-spots","blocks":{"1664424434f5b7d0e0-0":{"type":"item","settings":{"horizontal_position":24,"vertical_position":70,"horizontal_position_mobile":24,"vertical_position_mobile":70,"icon_width":32,"title":"Feature name","content":"<p>Share useful information about your product features.<\/p>"}},"1664424434f5b7d0e0-1":{"type":"item","settings":{"horizontal_position":62,"vertical_position":14,"horizontal_position_mobile":62,"vertical_position_mobile":14,"icon_width":32,"title":"Feature name","content":"<p>Share useful information about your product features.<\/p>"}},"1664424434f5b7d0e0-2":{"type":"item","settings":{"horizontal_position":83,"vertical_position":75,"horizontal_position_mobile":83,"vertical_position_mobile":75,"icon_width":32,"title":"Feature name","content":"<p>Share useful information about your product features.<\/p>"}}},"block_order":["1664424434f5b7d0e0-0","1664424434f5b7d0e0-1","1664424434f5b7d0e0-2"],"settings":{"full_width":true,"title":"","content":"","button_text":"","button_url":"","desktop_text_position":"place-self-start text-start","image_background":"","image_background_gradient":"","overlay_color":"#000000","overlay_opacity":0,"overlay_text_color":"#ffffff","overlay_button_background":"","overlay_button_text_color":"","hot_spot_dot_background":"#ffffff","hot_spot_dot_text_color":"#000000","hot_spot_content_background":"#ffffff","hot_spot_content_text_color":"#000000","hot_spot_content_opacity":90,"hot_spot_content_blur_radius":3}},"multiple-images-with-text":{"type":"multiple-images-with-text","blocks":{"1664424486a2b084ab-0":{"type":"item","settings":{"image_rotation_degrees":-2,"subheading":"","title":"Heading 1","content":"<p>Use this text to share information about your brand with your customers. Describe a product, share announcements, or welcome customers to your store.<\/p>","button_url":"","button_text":""}},"1664424486a2b084ab-1":{"type":"item","settings":{"image_rotation_degrees":1.5,"subheading":"","title":"Heading 2","content":"<p>Use this text to share information about your brand with your customers. Describe a product, share announcements, or welcome customers to your store.<\/p>","button_url":"","button_text":""}}},"block_order":["1664424486a2b084ab-0","1664424486a2b084ab-1"],"settings":{"full_width":true,"images_layout":"scattered","collage_images_alignment":"middle","background":"","background_gradient":"","text_color":"","button_background":"","button_text_color":""}},"featured-product":{"type":"featured-product","blocks":{"vendor":{"type":"vendor","settings":{}},"title":{"type":"title","settings":{"heading_tag":"h2"}},"badges":{"type":"badges","settings":{}},"price":{"type":"price","settings":{"show_taxes_notice":false}},"rating":{"type":"rating","settings":{"show_empty":false}},"separator":{"type":"separator","settings":{}},"description":{"type":"description","settings":{"collapse_content":false}},"variant-picker":{"type":"variant_picker","settings":{"hide_sold_out_variants":false,"stack_blocks":true,"selector_style":"block","swatch_selector_style":"color","variant_image_options":"","size_chart_page":""}},"quantity-selector":{"type":"quantity_selector","settings":{}},"buy-buttons":{"type":"buy_buttons","settings":{"show_payment_button":true,"show_gift_card_recipient":true,"atc_button_background":"","atc_button_text_color":"","payment_button_background":"","payment_button_text_color":""}}},"block_order":["vendor","title","badges","price","rating","separator","description","variant-picker","quantity-selector","buy-buttons"],"settings":{"full_width":false,"product":"","desktop_media_width":55,"desktop_media_layout":"carousel_thumbnails_left","mobile_media_size":"expanded","mobile_carousel_control":"floating_dots","enable_video_autoplay":true,"enable_video_looping":false,"enable_image_zoom":true,"max_image_zoom_level":3,"background":"#ffffff","background_gradient":"","text_color":"","input_background":"rgba(0,0,0,0)","input_text_color":""}},"faq":{"type":"faq","blocks":{"166442457738b23caf-0":{"type":"item","settings":{"title":"Do you ship overseas?","content":"<p>Yes, we ship all over the world. Shipping costs will apply, and will be added at checkout. We run discounts and promotions all year, so stay tuned for exclusive deals.<\/p>"}},"166442457738b23caf-1":{"type":"item","settings":{"title":"How long will it take to get my orders?","content":"<p>It depends on where you are. Orders processed here will take 5-7 business days to arrive. Overseas deliveries can take anywhere from 7-16 days. Delivery details will be provided in your confirmation email.<\/p>"}},"166442457738b23caf-2":{"type":"item","settings":{"title":"Any question?","content":"<p>You can contact us through our contact page! We will be happy to assist you.<\/p>"}}},"block_order":["166442457738b23caf-0","166442457738b23caf-1","166442457738b23caf-2"],"settings":{"full_width":false,"subheading":"","title":"FAQ","content":"<p>Use this text to share information about your product or shipping policies.<\/p>","team_avatar_width":160,"support_hours":"Our customer support is available Monday to Friday: 8am-8:30pm.","answer_time":"Average answer time: 24h","button_text":"","button_url":"","text_position":"start","background":"#ffffff","background_gradient":"","text_color":"","heading_color":"","heading_gradient":"","button_background":"","button_text_color":"","accordion_background":"","accordion_text_color":""}}},"order":["slideshow","image-link-blocks","scrolling-text","collection-list","featured-collection","impact-text","image-with-text-overlay","media-grid","before-after-image","press","hot-spots","multiple-images-with-text","featured-product","faq"]}